,Unnamed: 0,FriendsInvolved,LoanStatus,ListingKey,Proportion
0,0,No,Defaulted,33.2694702558,33.2694702558
1,1,No,Paid,66.7305297442,66.7305297442
2,2,Yes,Defaulted,26.609963548,26.609963548
3,3,Yes,Paid,73.390036452,73.390036452
