,FriendsInvolved,LoanStatus,ListingKey,Proportion
0,False,Defaulted,33.2694702558,33.2694702558
1,False,Paid,66.7305297442,66.7305297442
2,True,Defaulted,26.609963548,26.609963548
3,True,Paid,73.390036452,73.390036452
